INSERT INTO DOONG_JI.members(User_id, User_pw, User_name) VALUES('test_user1','1234','user01');
INSERT INTO DOONG_JI.members(User_id, User_pw, User_name) VALUES('test_user2','1234','user02');
INSERT INTO DOONG_JI.members(User_id, User_pw, User_name) VALUES('test_user3','1234','user03');
INSERT INTO DOONG_JI.members(User_id, User_pw, User_name) VALUES('test_user4','1234','user04');
INSERT INTO DOONG_JI.members(User_id, User_pw, User_name) VALUES('test_user5','1234','user05');
INSERT INTO DOONG_JI.members(User_id, User_pw, User_name) VALUES('test_user6','1234','user06');
INSERT INTO DOONG_JI.members(User_id, User_pw, User_name) VALUES('test_user7','1234','user07');
INSERT INTO DOONG_JI.members(User_id, User_pw, User_name) VALUES('test_user8','1234','user08');
INSERT INTO DOONG_JI.members(User_id, User_pw, User_name) VALUES('test_user9','1234','user09');
INSERT INTO DOONG_JI.members(User_id, User_pw, User_name) VALUES('test_user10','1234','user10');
INSERT INTO DOONG_JI.members(User_id, User_pw, User_name) VALUES('test_user11','1234','user11');
INSERT INTO DOONG_JI.members(User_id, User_pw, User_name) VALUES('test_user12','1234','user12');
INSERT INTO DOONG_JI.members(User_id, User_pw, User_name) VALUES('test_user13','1234','user13');
INSERT INTO DOONG_JI.members(User_id, User_pw, User_name) VALUES('test_user14','1234','user14');
INSERT INTO DOONG_JI.members(User_id, User_pw, User_name) VALUES('test_user15','1234','user15');
INSERT INTO DOONG_JI.members(User_id, User_pw, User_name) VALUES('test_user16','1234','user16');
INSERT INTO DOONG_JI.members(User_id, User_pw, User_name) VALUES('test_user17','1234','user17');
INSERT INTO DOONG_JI.members(User_id, User_pw, User_name) VALUES('test_user18','1234','user18');
INSERT INTO DOONG_JI.members(User_id, User_pw, User_name) VALUES('test_user19','1234','user19');
INSERT INTO DOONG_JI.members(User_id, User_pw, User_name) VALUES('test_user20','1234','user20');
INSERT INTO DOONG_JI.members(User_id, User_pw, User_name) VALUES('test_user21','1234','user21');
INSERT INTO DOONG_JI.members(User_id, User_pw, User_name) VALUES('test_user22','1234','user22');
INSERT INTO DOONG_JI.members(User_id, User_pw, User_name) VALUES('test_user23','1234','user23');
INSERT INTO DOONG_JI.members(User_id, User_pw, User_name) VALUES('test_user24','1234','user24');
INSERT INTO DOONG_JI.members(User_id, User_pw, User_name) VALUES('test_user25','1234','user25');
INSERT INTO DOONG_JI.members(User_id, User_pw, User_name) VALUES('test_user26','1234','user26');
INSERT INTO DOONG_JI.members(User_id, User_pw, User_name) VALUES('test_user27','1234','user27');
INSERT INTO DOONG_JI.members(User_id, User_pw, User_name) VALUES('test_user28','1234','user28');
INSERT INTO DOONG_JI.members(User_id, User_pw, User_name) VALUES('test_user29','1234','user29');
INSERT INTO DOONG_JI.members(User_id, User_pw, User_name) VALUES('test_user30','1234','user30');


INSERT INTO DOONG_JI.groups(Grp_name,Grp_xpos,Grp_ypos,Grp_radius,Grp_creator) VALUES('test_groups1',35.88,126.92,500,'test_user1');
INSERT INTO DOONG_JI.groups(Grp_name,Grp_xpos,Grp_ypos,Grp_radius,Grp_creator) VALUES('test_groups2',0.0,0.0,1000,'test_user2');
INSERT INTO DOONG_JI.groups(Grp_name,Grp_xpos,Grp_ypos,Grp_radius,Grp_creator) VALUES('test_groups3',0.0,0.0,500,'test_user3');
INSERT INTO DOONG_JI.groups(Grp_name,Grp_xpos,Grp_ypos,Grp_radius,Grp_creator) VALUES('test_groups4',0.0,0.0,2000,'test_user4');
INSERT INTO DOONG_JI.groups(Grp_name,Grp_xpos,Grp_ypos,Grp_radius,Grp_creator) VALUES('test_groups5',0.0,0.0,1500,'test_user5');
INSERT INTO DOONG_JI.groups(Grp_name,Grp_xpos,Grp_ypos,Grp_radius,Grp_creator) VALUES('test_groups6',0.0,0.0,2500,'test_user6');



INSERT INTO DOONG_JI.belongs_tos(User_id, Grp_id) VALUES('test_user1',1);
INSERT INTO DOONG_JI.belongs_tos(User_id, Grp_id) VALUES('test_user1',2);
INSERT INTO DOONG_JI.belongs_tos(User_id, Grp_id) VALUES('test_user1',5);
INSERT INTO DOONG_JI.belongs_tos(User_id, Grp_id) VALUES('test_user2',1);
INSERT INTO DOONG_JI.belongs_tos(User_id, Grp_id) VALUES('test_user3',2);
INSERT INTO DOONG_JI.belongs_tos(User_id, Grp_id) VALUES('test_user4',3);
INSERT INTO DOONG_JI.belongs_tos(User_id, Grp_id) VALUES('test_user5',5);
INSERT INTO DOONG_JI.belongs_tos(User_id, Grp_id) VALUES('test_user5',6);
INSERT INTO DOONG_JI.belongs_tos(User_id, Grp_id) VALUES('test_user5',1);
INSERT INTO DOONG_JI.belongs_tos(User_id, Grp_id) VALUES('test_user6',6);
INSERT INTO DOONG_JI.belongs_tos(User_id, Grp_id) VALUES('test_user7',1);
INSERT INTO DOONG_JI.belongs_tos(User_id, Grp_id) VALUES('test_user8',2);
INSERT INTO DOONG_JI.belongs_tos(User_id, Grp_id) VALUES('test_user9',3);
INSERT INTO DOONG_JI.belongs_tos(User_id, Grp_id) VALUES('test_user10',4);
INSERT INTO DOONG_JI.belongs_tos(User_id, Grp_id) VALUES('test_user11',5);
INSERT INTO DOONG_JI.belongs_tos(User_id, Grp_id) VALUES('test_user12',6);
INSERT INTO DOONG_JI.belongs_tos(User_id, Grp_id) VALUES('test_user13',1);
INSERT INTO DOONG_JI.belongs_tos(User_id, Grp_id) VALUES('test_user13',2);
INSERT INTO DOONG_JI.belongs_tos(User_id, Grp_id) VALUES('test_user13',3);
INSERT INTO DOONG_JI.belongs_tos(User_id, Grp_id) VALUES('test_user13',4);
INSERT INTO DOONG_JI.belongs_tos(User_id, Grp_id) VALUES('test_user14',2);
INSERT INTO DOONG_JI.belongs_tos(User_id, Grp_id) VALUES('test_user15',3);
INSERT INTO DOONG_JI.belongs_tos(User_id, Grp_id) VALUES('test_user16',2);
INSERT INTO DOONG_JI.belongs_tos(User_id, Grp_id) VALUES('test_user17',4);
INSERT INTO DOONG_JI.belongs_tos(User_id, Grp_id) VALUES('test_user18',5);
INSERT INTO DOONG_JI.belongs_tos(User_id, Grp_id) VALUES('test_user19',1);
INSERT INTO DOONG_JI.belongs_tos(User_id, Grp_id) VALUES('test_user19',3);
INSERT INTO DOONG_JI.belongs_tos(User_id, Grp_id) VALUES('test_user19',4);
INSERT INTO DOONG_JI.belongs_tos(User_id, Grp_id) VALUES('test_user19',6);
INSERT INTO DOONG_JI.belongs_tos(User_id, Grp_id) VALUES('test_user20',1);
INSERT INTO DOONG_JI.belongs_tos(User_id, Grp_id) VALUES('test_user21',2);
INSERT INTO DOONG_JI.belongs_tos(User_id, Grp_id) VALUES('test_user22',1);
INSERT INTO DOONG_JI.belongs_tos(User_id, Grp_id) VALUES('test_user23',1);
INSERT INTO DOONG_JI.belongs_tos(User_id, Grp_id) VALUES('test_user23',2);
INSERT INTO DOONG_JI.belongs_tos(User_id, Grp_id) VALUES('test_user23',5);
INSERT INTO DOONG_JI.belongs_tos(User_id, Grp_id) VALUES('test_user24',6);
INSERT INTO DOONG_JI.belongs_tos(User_id, Grp_id) VALUES('test_user25',2);
INSERT INTO DOONG_JI.belongs_tos(User_id, Grp_id) VALUES('test_user26',3);
INSERT INTO DOONG_JI.belongs_tos(User_id, Grp_id) VALUES('test_user26',4);
INSERT INTO DOONG_JI.belongs_tos(User_id, Grp_id) VALUES('test_user26',6);
INSERT INTO DOONG_JI.belongs_tos(User_id, Grp_id) VALUES('test_user27',3);
INSERT INTO DOONG_JI.belongs_tos(User_id, Grp_id) VALUES('test_user28',4);
INSERT INTO DOONG_JI.belongs_tos(User_id, Grp_id) VALUES('test_user29',2);
INSERT INTO DOONG_JI.belongs_tos(User_id, Grp_id) VALUES('test_user29',3);
INSERT INTO DOONG_JI.belongs_tos(User_id, Grp_id) VALUES('test_user29',5);
INSERT INTO DOONG_JI.belongs_tos(User_id, Grp_id) VALUES('test_user30',5);
commit;

select * from DOONG_JI.members;

/*INSERT INTO DOONG_JI.locations(X_pos, Y_pos,createdAt,updatedAt ) VALUES('','');
INSERT INTO DOONG_JI.groups(Grp_name,Grp_loc,Grp_radius) VALUES('','','');
INSERT INTO DOONG_JI.belongs_tos(User_id, Grp_id) VALUES('','','');
INSERT INTO DOONG_JI.message_boxes(Msg_body, Msg_sender, Msg_receiver) VALUES('', '', '');
*/
/*
see all relations in DOONG_JI schema
SELECT TABLE_NAME
FROM information_schema.TABLES
WHERE TABLE_SCHEMA = 'DOONG_JI'
   AND TABLE_NAME NOT LIKE 'init';
*/